{
    "fit_Evo": [
        0.0,
        50.0,
        50.1066053552888,
        50.659085918774586,
        50.0758828044229,
        50.0036397317231,
        50.276195866288916,
        50.13556704712984,
        50.68791318340413,
        50.87511707386805
    ],
    "pro_Rate_Evo": [
        0.0,
        4.984101662520625e-09,
        4.971369068242118e-09,
        4.9874117195577095e-09,
        4.973400763611888e-09,
        4.959389807666067e-09,
        4.966272188426733e-09,
        4.9540438446031535e-09,
        4.9868912638514615e-09,
        4.969940986220382e-09
    ],
    "sig_Th_Evo": [
        0.0,
        4.995505441482123,
        5.001414938595967,
        5.015067398998433,
        5.028209892231265,
        5.039761833715916,
        5.025212695846131,
        5.032663984298254,
        5.000133646045521,
        4.980399401258563
    ],
    "auto_R_Evo": [
        0.0,
        5.0,
        5.0,
        5.0,
        5.0,
        5.0,
        5.0,
        5.0,
        5.0,
        5.0
    ],
    "coopPayoff_Evo": [
        0.0,
        0.0,
        0.15,
        0.0,
        0.0,
        0.0,
        0.0,
        0.6,
        0.6,
        1.5
    ],
    "sigCost_Evo": [
        0.0,
        50.0,
        49.79124551496098,
        49.525074269054,
        49.86966097003852,
        49.95081649381548,
        49.70136151036904,
        49.819547706186086,
        49.94647001517258,
        50.10244030278991
    ],
    "coopCost_Evo": [
        0.0,
        0.0,
        0.15,
        0.0,
        0.05,
        0.05,
        0.1,
        0.8,
        0.2,
        0.6
    ],
    "auto_pro_Rate_Evo": [
        0.0,
        0.0,
        0.0,
        0.0,
        0.0,
        0.0,
        0.0,
        0.0,
        0.0,
        0.0
    ]
}