{
    "fit_Evo": [
        50.0,
        50.0,
        50.0,
        50.0,
        50.0,
        50.0,
        50.059890388537205,
        50.0,
        50.0,
        50.0
    ],
    "pro_Rate_Evo": [
        5e-09,
        5e-09,
        5e-09,
        5e-09,
        4.99700548057314e-09,
        4.99700548057314e-09,
        4.99700548057314e-09,
        4.9940109611462795e-09,
        5e-09,
        5e-09
    ],
    "sig_Th_Evo": [
        5.0,
        5.0,
        5.008712795846907,
        5.0,
        5.0,
        5.0,
        5.0,
        5.0,
        5.0,
        5.0
    ],
    "auto_R_Evo": [
        5.0,
        5.0,
        5.0,
        5.0,
        5.0,
        5.0,
        5.0,
        5.0,
        5.0,
        5.0
    ],
    "coopPayoff_Evo": [
        0.0,
        0.0,
        0.0,
        0.0,
        0.0,
        0.0,
        0.0,
        0.0,
        0.0,
        0.0
    ],
    "sigCost_Evo": [
        50.0,
        50.0,
        50.0,
        50.0,
        50.0,
        50.0,
        49.940109611462795,
        49.9700548057314,
        49.9700548057314,
        50.0
    ],
    "coopCost_Evo": [
        0.0,
        0.0,
        0.0,
        0.0,
        0.0,
        0.0,
        0.0,
        0.0,
        0.0,
        0.0
    ],
    "auto_pro_Rate_Evo": [
        0.0,
        0.0,
        0.0,
        0.0,
        0.0,
        0.0,
        0.0,
        0.0,
        0.0,
        0.0
    ]
}