{
    "fit_Evo": [
        50.0,
        50.0,
        50.0,
        50.0,
        50.0,
        50.0,
        50.0,
        50.0,
        50.5,
        51.181634374734365
    ],
    "pro_Rate_Evo": [
        5e-09,
        5e-09,
        5e-09,
        5e-09,
        5e-09,
        5e-09,
        5e-09,
        5.015918281263281e-09,
        4.996525995416957e-09,
        4.961215428307351e-09
    ],
    "sig_Th_Evo": [
        5.0,
        5.0,
        5.0,
        5.0,
        5.0,
        5.0,
        5.0,
        5.0,
        5.0,
        5.0
    ],
    "auto_R_Evo": [
        5.0,
        5.0,
        5.0,
        5.0,
        5.0,
        5.0,
        5.0,
        5.0,
        5.0,
        5.0
    ],
    "coopPayoff_Evo": [
        0.0,
        0.0,
        0.0,
        0.0,
        0.0,
        0.0,
        0.0,
        0.0,
        0.75,
        2.25
    ],
    "sigCost_Evo": [
        50.0,
        50.0,
        50.0,
        50.0,
        50.0,
        50.0,
        50.0,
        50.0,
        50.15918281263282,
        50.318365625265635
    ],
    "coopCost_Evo": [
        0.0,
        0.0,
        0.0,
        0.0,
        0.0,
        0.0,
        0.0,
        0.0,
        0.25,
        0.75
    ],
    "auto_pro_Rate_Evo": [
        0.0,
        0.0,
        0.0,
        0.0,
        0.0,
        0.0,
        0.0,
        0.0,
        0.0,
        0.0
    ]
}