{
    "fit_Evo": [
        50.0,
        50.0,
        50.0,
        49.7,
        50.99990423384738,
        50.13326948923159,
        50.77449369481025,
        51.020146080132676,
        50.68685431065997,
        50.50655410400624
    ],
    "pro_Rate_Evo": [
        5e-09,
        5e-09,
        5e-09,
        5.0308775794421336e-09,
        5.057550630518975e-09,
        5.084223681595817e-09,
        5.085643044284345e-09,
        5.099285201416571e-09,
        5.045633467669084e-09,
        4.982061534654061e-09
    ],
    "sig_Th_Evo": [
        5.0,
        4.994942251175963,
        4.993683183893391,
        4.993683183893391,
        4.993683183893391,
        4.987374662814629,
        4.977284060011795,
        5.00462453219841,
        5.020821247024156,
        5.002437946700468
    ],
    "auto_R_Evo": [
        5.0,
        5.0,
        5.0,
        5.0,
        5.0,
        5.0,
        5.0,
        5.0,
        5.0,
        5.0
    ],
    "coopPayoff_Evo": [
        0.0,
        0.0,
        0.0,
        0.0,
        2.25,
        1.05,
        2.25,
        3.3,
        2.1,
        0.9
    ],
    "sigCost_Evo": [
        50.0,
        50.0,
        50.0,
        50.0,
        50.61755158884267,
        50.44214104980554,
        50.750916844226886,
        50.87107812544598,
        50.72566744768008,
        50.193445895993754
    ],
    "coopCost_Evo": [
        0.0,
        0.0,
        0.0,
        0.3,
        0.85,
        0.65,
        0.9,
        1.1,
        0.6,
        0.2
    ],
    "auto_pro_Rate_Evo": [
        0.0,
        0.0,
        0.0,
        0.0,
        0.0,
        0.0,
        0.0,
        0.0,
        0.0,
        0.0
    ]
}