{
    "fit_Evo": [
        0.0,
        50.0,
        50.0,
        50.74485899272859,
        51.26224636908637,
        51.015318586963254,
        51.40676019426725,
        51.68575825415845,
        52.01370579195507,
        52.049423509339874
    ],
    "pro_Rate_Evo": [
        0.0,
        5e-09,
        5.029478538732814e-09,
        5.031667330209514e-09,
        5.074484412681654e-09,
        5.140429844293687e-09,
        5.175758267373226e-09,
        5.163946224131493e-09,
        5.224669743108591e-09,
        5.2408649952033e-09
    ],
    "sig_Th_Evo": [
        0.0,
        5.0,
        5.003285800015768,
        5.0,
        5.00233321651016,
        4.993027484742674,
        4.996313682979611,
        5.0,
        5.0,
        5.0
    ],
    "auto_R_Evo": [
        0.0,
        5.0,
        5.0,
        5.0,
        5.0,
        5.0,
        5.0,
        5.0,
        5.0,
        5.0
    ],
    "coopPayoff_Evo": [
        0.0,
        0.0,
        0.0,
        1.8,
        2.1,
        2.85,
        4.95,
        5.85,
        4.8,
        5.85
    ],
    "sigCost_Evo": [
        0.0,
        50.0,
        50.0,
        50.11378525181785,
        50.462054460046076,
        50.566188462849034,
        52.15351659765658,
        51.8641276676975,
        51.886522364333004,
        51.87199484547532
    ],
    "coopCost_Evo": [
        0.0,
        0.0,
        0.0,
        0.6,
        0.7,
        1.0,
        1.65,
        1.95,
        1.6,
        1.95
    ],
    "auto_pro_Rate_Evo": [
        0.0,
        0.0,
        0.0,
        0.0,
        0.0,
        0.0,
        0.0,
        0.0,
        0.0,
        0.0
    ]
}