{
    "fit_Evo": [
        95.0,
        95.0,
        95.55021290058912
    ],
    "pro_Rate_Evo": [
        5.000000000000001e-09,
        4.99606799435099e-09,
        5.002581052018643e-09
    ],
    "sig_Th_Evo": [
        5.0,
        4.992269098886689,
        4.9933715570220265
    ],
    "auto_R_Evo": [
        5.0,
        5.0,
        5.0
    ],
    "coopPayoff_Evo": [
        0.0,
        0.0,
        0.75
    ],
    "sigCost_Evo": [
        5.0,
        5.0,
        5.000411811824408
    ],
    "coopCost_Evo": [
        0.0,
        0.0,
        0.2
    ],
    "auto_pro_Rate_Evo": [
        0.0,
        0.0,
        0.0
    ]
}