{
    "fit_Evo": [
        95.0,
        95.0,
        95.0
    ],
    "pro_Rate_Evo": [
        5.000000000000001e-09,
        4.9903052233355096e-09,
        4.996798419644747e-09
    ],
    "sig_Th_Evo": [
        5.0,
        5.002343128013269,
        5.002687679173906
    ],
    "auto_R_Evo": [
        5.0,
        5.0,
        5.0
    ],
    "coopPayoff_Evo": [
        0.0,
        0.0,
        0.0
    ],
    "sigCost_Evo": [
        5.0,
        5.0,
        5.0
    ],
    "coopCost_Evo": [
        0.0,
        0.0,
        0.0
    ],
    "auto_pro_Rate_Evo": [
        0.0,
        0.0,
        0.0
    ]
}