{
    "fit_Evo": [
        95.0,
        95.0,
        95.0
    ],
    "pro_Rate_Evo": [
        5.000000000000001e-09,
        4.996141801527834e-09,
        4.997281900461846e-09
    ],
    "sig_Th_Evo": [
        5.0,
        4.98852222746387,
        4.9798856046894375
    ],
    "auto_R_Evo": [
        5.0,
        5.0,
        5.0
    ],
    "coopPayoff_Evo": [
        0.0,
        0.0,
        0.0
    ],
    "sigCost_Evo": [
        5.0,
        5.0,
        4.999148803011288
    ],
    "coopCost_Evo": [
        0.0,
        0.0,
        0.0
    ],
    "auto_pro_Rate_Evo": [
        0.0,
        0.0,
        0.0
    ]
}