{
    "fit_Evo": [
        95.0,
        95.0,
        95.02122186707166
    ],
    "pro_Rate_Evo": [
        5.000000000000001e-09,
        4.990201075625911e-09,
        4.976301508380069e-09
    ],
    "sig_Th_Evo": [
        5.0,
        5.011440464495846,
        5.012348909069643
    ],
    "auto_R_Evo": [
        5.0,
        5.0,
        5.0
    ],
    "coopPayoff_Evo": [
        0.0,
        0.0,
        0.0
    ],
    "sigCost_Evo": [
        5.0,
        5.0,
        4.984895608857993
    ],
    "coopCost_Evo": [
        0.0,
        0.0,
        0.0
    ],
    "auto_pro_Rate_Evo": [
        0.0,
        0.0,
        0.0
    ]
}