{
    "fit_Evo": [
        0.0,
        100.0,
        65.0,
        65.0,
        65.0,
        65.0,
        65.0,
        65.0,
        65.0,
        65.0
    ],
    "pro_Rate_Evo": [
        0.0,
        4.99973412620917e-09,
        4.9994380245355365e-09,
        4.999432539362234e-09,
        4.999143804953562e-09,
        5.000008441063305e-09,
        4.999875715781037e-09,
        4.999472869384177e-09,
        4.999011847402634e-09,
        4.998647414791965e-09
    ],
    "sig_Th_Evo": [
        0.0,
        4.999493700623303,
        4.999831152314175,
        4.998565612367589,
        4.9981222119305695,
        4.999352515921939,
        4.999828109483627,
        4.999925094311864,
        4.998550630284204,
        5.000375144004807
    ],
    "auto_R_Evo": [
        0.0,
        5.0,
        5.0,
        5.0,
        5.0,
        5.0,
        5.0,
        5.0,
        5.0,
        5.0
    ],
    "coopPayoff_Evo": [
        0.0,
        15.0,
        15.0,
        15.0,
        15.0,
        15.0,
        15.0,
        15.0,
        15.0,
        15.0
    ],
    "sigCost_Evo": [
        0.0,
        50.0,
        49.99362778435552,
        49.99654339712225,
        50.00104796195159,
        49.993871339533726,
        50.000485808403454,
        49.99803400956132,
        49.994344699369435,
        49.99509856271122
    ],
    "coopCost_Evo": [
        0.0,
        0.0,
        0.011,
        0.003,
        0.0125,
        0.03,
        0.032,
        0.039,
        0.0515,
        0.0445
    ],
    "auto_pro_Rate_Evo": [
        0.0,
        0.0,
        0.0,
        0.0,
        0.0,
        0.0,
        0.0,
        0.0,
        0.0,
        0.0
    ]
}