{
    "fit_Evo": [
        0.0,
        100.0,
        65.0,
        65.0,
        65.0,
        65.0,
        65.0,
        65.0,
        65.0,
        65.0
    ],
    "pro_Rate_Evo": [
        0.0,
        5.000272881670882e-09,
        5.000675175679232e-09,
        4.999579839090586e-09,
        4.99960515672192e-09,
        5.0004152834711274e-09,
        5.0006671388708575e-09,
        5.001262192485154e-09,
        5.0016969954109054e-09,
        5.00184511226342e-09
    ],
    "sig_Th_Evo": [
        0.0,
        4.999830040161797,
        4.999499669432326,
        5.000086782862736,
        4.9990121642432825,
        4.9990865104381905,
        4.999343767664826,
        4.998884240088357,
        4.998899578682785,
        4.998978633293394
    ],
    "auto_R_Evo": [
        0.0,
        5.0,
        5.0,
        5.0,
        5.0,
        5.0,
        5.0,
        5.0,
        5.0,
        5.0
    ],
    "coopPayoff_Evo": [
        0.0,
        15.0,
        15.0,
        15.0,
        15.0,
        15.0,
        15.0,
        15.0,
        15.0,
        15.0
    ],
    "sigCost_Evo": [
        0.0,
        50.0,
        49.99964070851334,
        50.01247933205045,
        49.99351312416722,
        50.00170084315363,
        50.00744515018091,
        50.00453339268306,
        50.02079929805115,
        50.01718652727963
    ],
    "coopCost_Evo": [
        0.0,
        0.0,
        0.005,
        0.04,
        0.031,
        0.053,
        0.06,
        0.0455,
        0.054,
        0.057
    ],
    "auto_pro_Rate_Evo": [
        0.0,
        0.0,
        0.0,
        0.0,
        0.0,
        0.0,
        0.0,
        0.0,
        0.0,
        0.0
    ]
}