{
    "fit_Evo": [
        0.0,
        100.0,
        65.0,
        65.0,
        64.5,
        65.0,
        65.0,
        65.0,
        65.0,
        64.5
    ],
    "pro_Rate_Evo": [
        0.0,
        5.000040567142447e-09,
        4.999781851740198e-09,
        4.998510200350777e-09,
        4.999233929653028e-09,
        4.998790487220449e-09,
        4.998976360365228e-09,
        4.99899206029363e-09,
        4.998092237532689e-09,
        4.996994140568554e-09
    ],
    "sig_Th_Evo": [
        0.0,
        5.0001735220641255,
        4.999737796511955,
        5.0001077639472316,
        5.000479264767157,
        4.999398295106613,
        4.999216577627449,
        4.998833477874973,
        4.9980071206273715,
        5.000088360103903
    ],
    "auto_R_Evo": [
        0.0,
        5.0,
        5.0,
        5.0,
        5.0,
        5.0,
        5.0,
        5.0,
        5.0,
        5.0
    ],
    "coopPayoff_Evo": [
        0.0,
        15.0,
        15.0,
        15.0,
        15.0,
        15.0,
        15.0,
        15.0,
        15.0,
        15.0
    ],
    "sigCost_Evo": [
        0.0,
        50.0,
        50.00169208847955,
        50.00103211816877,
        49.99022774837098,
        49.99512726226543,
        49.98763400799858,
        49.99577036457099,
        49.9861621000385,
        49.979461904365685
    ],
    "coopCost_Evo": [
        0.0,
        0.0,
        0.008,
        0.036,
        0.0115,
        0.012,
        0.025,
        0.0445,
        0.04,
        0.045
    ],
    "auto_pro_Rate_Evo": [
        0.0,
        0.0,
        0.0,
        0.0,
        0.0,
        0.0,
        0.0,
        0.0,
        0.0,
        0.0
    ]
}