{
    "fit_Evo": [
        0.0,
        100.0,
        65.0,
        65.0,
        65.0,
        65.0,
        65.0,
        65.0,
        65.0,
        65.0
    ],
    "pro_Rate_Evo": [
        0.0,
        5.000099051446683e-09,
        4.999578973513164e-09,
        4.999102212223754e-09,
        4.999493789431742e-09,
        4.999489366926181e-09,
        4.9982204076526485e-09,
        4.997310419305997e-09,
        4.99710157539437e-09,
        4.9974615177484445e-09
    ],
    "sig_Th_Evo": [
        0.0,
        4.999846858356857,
        4.999733313237322,
        4.998990266364017,
        4.999183611048818,
        4.999322934503299,
        5.000397215644412,
        5.0010019085754704,
        5.002015719512355,
        5.001460417985982
    ],
    "auto_R_Evo": [
        0.0,
        5.0,
        5.0,
        5.0,
        5.0,
        5.0,
        5.0,
        5.0,
        5.0,
        5.0
    ],
    "coopPayoff_Evo": [
        0.0,
        15.0,
        15.0,
        15.0,
        15.0,
        15.0,
        15.0,
        15.0,
        15.0,
        15.0
    ],
    "sigCost_Evo": [
        0.0,
        50.0,
        50.0025325480978,
        49.99449271211769,
        49.999643891029805,
        50.00414604878383,
        49.99745405918874,
        49.98376084543621,
        49.97418455681397,
        49.970745962402766
    ],
    "coopCost_Evo": [
        0.0,
        0.0,
        0.014,
        0.013,
        0.034,
        0.027,
        0.032,
        0.031,
        0.038,
        0.036
    ],
    "auto_pro_Rate_Evo": [
        0.0,
        0.0,
        0.0,
        0.0,
        0.0,
        0.0,
        0.0,
        0.0,
        0.0,
        0.0
    ]
}