{
    "fit_Evo": [
        0.0,
        100.0,
        65.0,
        65.0,
        65.0,
        65.0,
        64.5,
        64.5,
        65.0,
        65.0
    ],
    "pro_Rate_Evo": [
        0.0,
        4.9999534296249584e-09,
        4.999568024748808e-09,
        4.99953497886551e-09,
        4.999868930009964e-09,
        5.000193629692561e-09,
        4.99939721086591e-09,
        5.000003860846392e-09,
        4.999494090373237e-09,
        4.9996866461850954e-09
    ],
    "sig_Th_Evo": [
        0.0,
        4.999551271135952,
        4.999785152871589,
        4.999706570755647,
        4.999069259605189,
        4.999080973029391,
        4.999100142671469,
        5.000626723811034,
        4.9995504269544835,
        5.001341331015906
    ],
    "auto_R_Evo": [
        0.0,
        5.0,
        5.0,
        5.0,
        5.0,
        5.0,
        5.0,
        5.0,
        5.0,
        5.0
    ],
    "coopPayoff_Evo": [
        0.0,
        15.0,
        15.0,
        15.0,
        15.0,
        15.0,
        15.0,
        15.0,
        15.0,
        15.0
    ],
    "sigCost_Evo": [
        0.0,
        50.0,
        49.99631909523386,
        49.99311947292144,
        49.99388032316867,
        49.998493817162164,
        49.99718987168484,
        49.990421813814756,
        50.01523964608567,
        49.96739486986857
    ],
    "coopCost_Evo": [
        0.0,
        0.0,
        0.003,
        0.006,
        0.0195,
        0.036,
        0.05,
        0.058,
        0.0655,
        0.056
    ],
    "auto_pro_Rate_Evo": [
        0.0,
        0.0,
        0.0,
        0.0,
        0.0,
        0.0,
        0.0,
        0.0,
        0.0,
        0.0
    ]
}