{
    "fit_Evo": [
        50.0,
        50.0,
        50.3,
        50.6124872999185,
        50.27590000000917,
        51.4,
        50.0,
        51.06346880544055,
        51.475144849843716,
        51.35171041405365
    ],
    "pro_Rate_Evo": [
        5e-09,
        5e-09,
        4.967702196511056e-09,
        5.001606666666055e-09,
        5.001606666666055e-09,
        4.985621378753907e-09,
        4.980284254707054e-09,
        4.9595190770393596e-09,
        4.918013319087339e-09,
        4.911138197560975e-09
    ],
    "sig_Th_Evo": [
        5.0,
        4.986623008891152,
        4.978213525672713,
        5.004595025791652,
        5.005819279317647,
        4.95958510387142,
        4.9746626853780755,
        5.024901854755487,
        5.104187836483661,
        5.11513949682968
    ],
    "auto_R_Evo": [
        5.0,
        5.0,
        5.0,
        5.0,
        5.0,
        5.0,
        5.0,
        5.0,
        5.0,
        5.0
    ],
    "coopPayoff_Evo": [
        0.0,
        0.0,
        0.45,
        0.3,
        0.45,
        2.1,
        0.0,
        0.9,
        1.35,
        1.5
    ],
    "sigCost_Evo": [
        50.0,
        50.0,
        50.0,
        49.33797726356056,
        50.008033333330275,
        50.008033333330275,
        50.0,
        49.55258627858833,
        49.568641362617214,
        49.33416775324811
    ],
    "coopCost_Evo": [
        0.0,
        0.0,
        0.15,
        0.1,
        0.15,
        0.7,
        0.0,
        0.3,
        0.45,
        0.5
    ],
    "auto_pro_Rate_Evo": [
        0.0,
        0.0,
        0.0,
        0.0,
        0.0,
        0.0,
        0.0,
        0.0,
        0.0,
        0.0
    ]
}