{
    "fit_Evo": [
        50.0,
        50.0,
        50.0,
        50.0,
        50.89060595256266,
        50.5,
        50.20854496051761,
        50.00785398684866,
        50.270873086655264,
        50.13701283727663
    ],
    "pro_Rate_Evo": [
        5e-09,
        4.978823540710023e-09,
        5.005469702371867e-09,
        5.010939404743734e-09,
        5.005469702371867e-09,
        5.007072751974119e-09,
        4.9855133175874715e-09,
        4.958268379527045e-09,
        4.958896148817011e-09,
        4.913534830528779e-09
    ],
    "sig_Th_Evo": [
        5.0,
        5.00645816702361,
        5.000527762172989,
        5.0,
        5.0,
        4.998329708265965,
        4.998329708265965,
        4.997798819345833,
        4.990226748153728,
        4.981110456529057
    ],
    "auto_R_Evo": [
        5.0,
        5.0,
        5.0,
        5.0,
        5.0,
        5.0,
        5.0,
        5.0,
        5.0,
        5.0
    ],
    "coopPayoff_Evo": [
        0.0,
        0.0,
        0.0,
        0.0,
        1.5,
        0.75,
        0.6,
        0.0,
        0.0,
        0.0
    ],
    "sigCost_Evo": [
        50.0,
        50.0,
        50.0,
        50.0,
        50.10939404743734,
        50.054697023718674,
        50.14145503948239,
        49.99214601315134,
        49.72755061939574,
        49.58896148817011
    ],
    "coopCost_Evo": [
        0.0,
        0.0,
        0.0,
        0.0,
        0.5,
        0.25,
        0.25,
        0.0,
        0.0,
        0.0
    ],
    "auto_pro_Rate_Evo": [
        0.0,
        0.0,
        0.0,
        0.0,
        0.0,
        0.0,
        0.0,
        0.0,
        0.0,
        0.0
    ]
}