{
    "fit_Evo": [
        149.63966063126034,
        149.63966063126034,
        149.6368596926783,
        149.64552319341124,
        149.64446538863132,
        149.64383228093033,
        149.63841381440722,
        149.65074277122673,
        149.64151271429685,
        149.64936864109845
    ],
    "pro_Rate_Evo": [
        4.999999999999999e-09,
        4.999728932806512e-09,
        4.999819176678449e-09,
        4.999829501792606e-09,
        4.9996267370698496e-09,
        5.000698787883035e-09,
        4.999501239016484e-09,
        4.998950454163091e-09,
        4.9999231646587104e-09,
        4.999138219364064e-09
    ],
    "sensitivity_Evo": [
        1.0,
        0.9999952634065914,
        1.0000219153371055,
        1.0000016106808507,
        1.0000150228755744,
        1.0000111117606116,
        1.000013681412363,
        0.999986839677026,
        1.0000374611576486,
        1.000005239124013
    ],
    "auto_R_Evo": [
        5.0,
        5.000960028866469,
        4.998665973981019,
        5.000194873133692,
        5.000902704495612,
        5.0024870540947886,
        5.002774444711632,
        5.0030786732360895,
        4.998415997618139,
        5.002032997653772
    ],
    "coopPayoff_Evo": [
        179.67918910201251,
        179.67918910201251,
        179.6709909304685,
        179.67463789856794,
        179.66212856559346,
        179.67859830332822,
        179.68003682701732,
        179.63940479932006,
        179.68268414350533,
        179.67164141726022
    ],
    "sigCost_Evo": [
        5.0,
        5.0,
        4.999728932806513,
        4.999819176678449,
        4.999829501792606,
        4.999626737069851,
        5.000698787883034,
        4.999501239016484,
        4.998950454163092,
        4.9999231646587114
    ],
    "coopCost_Evo": [
        125.03952847075216,
        125.03952847075216,
        125.03431218999518,
        125.02939428747999,
        125.01805520625268,
        125.03413465451212,
        125.04197776841575,
        124.99032478788244,
        125.04159441784671,
        125.02343184118271
    ],
    "auto_pro_Rate_Evo": [
        0.0,
        0.0,
        0.0,
        0.0,
        0.0,
        0.0,
        0.0,
        0.0,
        0.0,
        0.0
    ]
}